image_local_path,categories,technique
./miclib_output/images/000001.jpg,Metal or alloy,Reflected light microscopy
./miclib_output/images/000002.jpg,Metal or alloy,Scanning electron microscopy (SEM)
./miclib_output/images/000003.jpg,Metal or alloy,Reflected light microscopy
./miclib_output/images/000004.jpg,Metal or alloy,Scanning electron microscopy (SEM)
./miclib_output/images/000005.jpg,Metal or alloy,Reflected light microscopy
./miclib_output/images/000006.jpg,Metal or alloy,Reflected light microscopy
./miclib_output/images/000007.jpg,Metal or alloy,Reflected light microscopy
./miclib_output/images/000008.jpg,Metal or alloy,Reflected light microscopy
./miclib_output/images/000009.jpg,Metal or alloy,Reflected light microscopy
./miclib_output/images/000010.jpg,Metal or alloy,Reflected light microscopy
./miclib_output/images/000011.jpg,Metal or alloy,Reflected light microscopy
./miclib_output/images/000012.jpg,Metal or alloy,Reflected light microscopy
./miclib_output/images/000013.jpg,Metal or alloy,Reflected light microscopy
./miclib_output/images/000014.jpg,Metal or alloy,Reflected light microscopy
./miclib_output/images/000015.jpg,Metal or alloy,Reflected light microscopy
./miclib_output/images/000016.jpg,Metal or alloy,Reflected light microscopy
./miclib_output/images/000017.jpg,Metal or alloy,Reflected light microscopy
./miclib_output/images/000018.jpg,Metal or alloy,Reflected light microscopy
./miclib_output/images/000019.jpg,Metal or alloy,Scanning electron microscopy (SEM)
./miclib_output/images/000020.jpg,Metal or alloy,Scanning electron microscopy (SEM)
./miclib_output/images/000021.jpg,Metal or alloy,Reflected light microscopy
./miclib_output/images/000022.jpg,Metal or alloy,Reflected light microscopy
./miclib_output/images/000023.jpg,Metal or alloy,Scanning electron microscopy (SEM)
./miclib_output/images/000024.jpg,Metal or alloy,Scanning electron microscopy (SEM)
./miclib_output/images/000025.jpg,Metal or alloy,Reflected light microscopy
./miclib_output/images/000026.jpg,Metal or alloy,Reflected light microscopy
./miclib_output/images/000027.jpg,Metal or alloy,Reflected light microscopy
./miclib_output/images/000028.jpg,Metal or alloy,Scanning electron microscopy (SEM)
./miclib_output/images/000029.jpg,Metal or alloy,Reflected light microscopy
./miclib_output/images/000030.jpg,Metal or alloy,Reflected light microscopy
./miclib_output/images/000031.jpg,Metal or alloy,Reflected light microscopy
./miclib_output/images/000032.jpg,Metal or alloy,Reflected light microscopy
./miclib_output/images/000033.jpg,Metal or alloy,Reflected light microscopy
./miclib_output/images/000034.jpg,Metal or alloy,Reflected light microscopy
./miclib_output/images/000035.jpg,Metal or alloy,Reflected light microscopy
./miclib_output/images/000036.jpg,Metal or alloy,Reflected light microscopy
./miclib_output/images/000037.jpg,Metal or alloy,Reflected light microscopy
./miclib_output/images/000038.jpg,Metal or alloy,Reflected light microscopy
./miclib_output/images/000039.jpg,Metal or alloy,Reflected light microscopy
./miclib_output/images/000040.jpg,Metal or alloy,Reflected light microscopy
./miclib_output/images/000041.jpg,Metal or alloy,Reflected light microscopy
./miclib_output/images/000042.jpg,Metal or alloy,Reflected light microscopy
./miclib_output/images/000043.jpg,Metal or alloy,Reflected light microscopy
./miclib_output/images/000044.jpg,Metal or alloy,Reflected light microscopy
./miclib_output/images/000045.jpg,Metal or alloy,Reflected light microscopy
./miclib_output/images/000046.jpg,Metal or alloy,Reflected light microscopy
./miclib_output/images/000047.jpg,Metal or alloy,Reflected light microscopy
./miclib_output/images/000048.jpg,Metal or alloy,Reflected light microscopy
./miclib_output/images/000049.jpg,Metal or alloy,Reflected light microscopy
./miclib_output/images/000050.jpg,Metal or alloy,Reflected light microscopy
./miclib_output/images/000051.jpg,Metal or alloy,Reflected light microscopy
./miclib_output/images/000052.jpg,Metal or alloy,Reflected light microscopy
./miclib_output/images/000053.jpg,Metal or alloy,Scanning electron microscopy (SEM)
./miclib_output/images/000054.jpg,Metal or alloy,Reflected light microscopy
./miclib_output/images/000055.jpg,Metal or alloy,Reflected light microscopy
./miclib_output/images/000056.jpg,Metal or alloy,Reflected light microscopy
./miclib_output/images/000057.jpg,Metal or alloy,Reflected light microscopy
./miclib_output/images/000058.jpg,Metal or alloy,Reflected light microscopy
./miclib_output/images/000059.jpg,Metal or alloy,Reflected light microscopy
./miclib_output/images/000060.jpg,Metal or alloy,Reflected light microscopy
./miclib_output/images/000061.jpg,Metal or alloy,Reflected light microscopy
./miclib_output/images/000062.jpg,Metal or alloy,Reflected light microscopy
./miclib_output/images/000063.jpg,Metal or alloy,Reflected light microscopy
./miclib_output/images/000064.jpg,Metal or alloy,Reflected light microscopy
./miclib_output/images/000065.jpg,Metal or alloy,Reflected light microscopy
./miclib_output/images/000066.jpg,Metal or alloy,Reflected light microscopy
./miclib_output/images/000067.jpg,Metal or alloy,Reflected light microscopy
./miclib_output/images/000068.jpg,Metal or alloy,Reflected light microscopy
./miclib_output/images/000069.jpg,Metal or alloy,Reflected light microscopy
./miclib_output/images/000070.jpg,Metal or alloy,Reflected light microscopy
./miclib_output/images/000071.jpg,Metal or alloy,Reflected light microscopy
./miclib_output/images/000072.jpg,Metal or alloy,Reflected light microscopy
./miclib_output/images/000073.jpg,Metal or alloy,Reflected light microscopy
./miclib_output/images/000075.jpg,"Fracture, Metal or alloy",Scanning electron microscopy (SEM)
./miclib_output/images/000076.jpg,"Fracture, Metal or alloy",Scanning electron microscopy (SEM)
./miclib_output/images/000078.jpg,"Fracture, Metal or alloy",Scanning electron microscopy (SEM)
./miclib_output/images/000079.jpg,"Fracture, Metal or alloy",Scanning electron microscopy (SEM)
./miclib_output/images/000080.jpg,"Fracture, Metal or alloy",Scanning electron microscopy (SEM)
./miclib_output/images/000081.jpg,"Fracture, Metal or alloy",Scanning electron microscopy (SEM)
./miclib_output/images/000082.jpg,"Fracture, Metal or alloy",Scanning electron microscopy (SEM)
./miclib_output/images/000083.jpg,"Fracture, Metal or alloy",Scanning electron microscopy (SEM)
./miclib_output/images/000084.jpg,Ceramic,Reflected light microscopy
./miclib_output/images/000085.jpg,Ceramic,Reflected light microscopy
./miclib_output/images/000114.jpg,Polymer,Scanning electron microscopy (SEM)
./miclib_output/images/000115.jpg,Polymer,Scanning electron microscopy (SEM)
./miclib_output/images/000116.jpg,Polymer,Scanning electron microscopy (SEM)
./miclib_output/images/000117.jpg,Ceramic,Scanning electron microscopy (SEM)
./miclib_output/images/000124.jpg,Device,Focused ion beam (FIB) secondary electron image
./miclib_output/images/000125.jpg,Device,Focused ion beam (FIB) secondary electron image
./miclib_output/images/000126.jpg,Device,Focused ion beam (FIB) secondary electron image
./miclib_output/images/000127.jpg,Device,Focused ion beam (FIB) secondary electron image
./miclib_output/images/000128.jpg,Device,Focused ion beam (FIB) secondary electron image
./miclib_output/images/000129.jpg,Composite,Reflected light microscopy
./miclib_output/images/000130.jpg,Composite,Reflected light microscopy
./miclib_output/images/000131.jpg,Composite,Reflected light microscopy
./miclib_output/images/000132.jpg,Composite,Reflected light microscopy
./miclib_output/images/000133.jpg,Metal or alloy,Atomic force microscopy (AFM)
./miclib_output/images/000134.jpg,Metal or alloy,Transmission electron microscopy (TEM)
./miclib_output/images/000135.jpg,Metal or alloy,Transmission electron microscopy (TEM)
./miclib_output/images/000136.jpg,Oxide,High resolution electron microscopy (HREM)
./miclib_output/images/000137.jpg,"Fracture, Metal or alloy",Scanning electron microscopy (SEM)
./miclib_output/images/000138.jpg,"Fracture, Metal or alloy",Scanning electron microscopy (SEM)
./miclib_output/images/000139.jpg,"Fracture, Metal or alloy",Scanning electron microscopy (SEM)
./miclib_output/images/000140.jpg,"Fracture, Metal or alloy",Scanning electron microscopy (SEM)
./miclib_output/images/000141.jpg,"Fracture, Metal or alloy",Scanning electron microscopy (SEM)
./miclib_output/images/000142.jpg,"Fracture, Metal or alloy",Scanning electron microscopy (SEM)
./miclib_output/images/000143.jpg,"Fracture, Metal or alloy",Scanning electron microscopy (SEM)
./miclib_output/images/000144.jpg,"Fracture, Metal or alloy",Scanning electron microscopy (SEM)
./miclib_output/images/000145.jpg,"Fracture, Metal or alloy",Scanning electron microscopy (SEM)
./miclib_output/images/000146.jpg,"Fracture, Metal or alloy",Scanning electron microscopy (SEM)
./miclib_output/images/000147.jpg,"Fracture, Metal or alloy",Scanning electron microscopy (SEM)
./miclib_output/images/000148.jpg,Ceramic,Reflected light microscopy
./miclib_output/images/000149.jpg,Ceramic,Reflected light microscopy
./miclib_output/images/000151.jpg,"Ceramic, Composite",Reflected light microscopy
./miclib_output/images/000152.jpg,Ceramic,Reflected light microscopy
./miclib_output/images/000153.jpg,Ceramic,Reflected light microscopy
./miclib_output/images/000154.jpg,Ceramic,Reflected light microscopy
./miclib_output/images/000155.jpg,Ceramic,Reflected light microscopy
./miclib_output/images/000156.jpg,Metal or alloy,Cross-polarised light microscopy
./miclib_output/images/000157.jpg,Metal or alloy,Cross-polarised light microscopy
./miclib_output/images/000158.jpg,Metal or alloy,Cross-polarised light microscopy
./miclib_output/images/000159.jpg,Metal or alloy,Cross-polarised light microscopy
./miclib_output/images/000160.jpg,Ceramic,"Transmitted polarised light microscopy, with sensitive tint plate"
./miclib_output/images/000161.jpg,Ceramic,Transmitted polarised light microscopy
./miclib_output/images/000162.jpg,Ceramic,"Transmitted polarised light microscopy, with sensitive tint plate"
./miclib_output/images/000163.jpg,Ceramic,Transmitted polarised light microscopy
./miclib_output/images/000164.jpg,Ceramic,"Transmitted polarised light microscopy, with sensitive tint plate"
./miclib_output/images/000165.jpg,Ceramic,Transmitted polarised light microscopy
./miclib_output/images/000166.jpg,Composite,Reflected light microscopy
./miclib_output/images/000167.jpg,Composite,Reflected light microscopy
./miclib_output/images/000168.jpg,Composite,Reflected light microscopy
./miclib_output/images/000169.jpg,Composite,Reflected light microscopy
./miclib_output/images/000170.jpg,Ceramic,"Transmitted polarised light microscopy, with sensitive tint plate"
./miclib_output/images/000171.jpg,Ceramic,"Transmitted polarised light microscopy, with sensitive tint plate"
./miclib_output/images/000172.jpg,Ceramic,"Transmitted polarised light microscopy, with sensitive tint plate"
./miclib_output/images/000173.jpg,Ceramic,"Transmitted polarised light microscopy, with sensitive tint plate"
./miclib_output/images/000174.jpg,Ceramic,"Transmitted polarised light microscopy, with sensitive tint plate"
./miclib_output/images/000175.jpg,"Ceramic, Composite",Reflected light microscopy
./miclib_output/images/000176.jpg,"Ceramic, Composite",Reflected light microscopy
./miclib_output/images/000177.jpg,Ceramic,Reflected light microscopy
./miclib_output/images/000178.jpg,Ceramic,Reflected light microscopy
./miclib_output/images/000179.jpg,Ceramic,Reflected light microscopy
./miclib_output/images/000180.jpg,Ceramic,"Transmitted polarised light microscopy, with sensitive tint plate"
./miclib_output/images/000181.jpg,Ceramic,"Transmitted polarised light microscopy, with sensitive tint plate"
./miclib_output/images/000182.jpg,Ceramic,Transmitted polarised light microscopy
./miclib_output/images/000183.jpg,Ceramic,Transmitted polarised light microscopy
./miclib_output/images/000184.jpg,Ceramic,Transmitted polarised light microscopy
./miclib_output/images/000185.jpg,Ceramic,Reflected light microscopy
./miclib_output/images/000186.jpg,Ceramic,Reflected light microscopy
./miclib_output/images/000187.jpg,Ceramic,Reflected light microscopy
./miclib_output/images/000188.jpg,Ceramic,Reflected light microscopy
./miclib_output/images/000189.jpg,Ceramic,Scanning electron microscopy (SEM) in backscattered electron imaging (BEI) mode
./miclib_output/images/000190.jpg,Ceramic,Scanning electron microscopy (SEM)
./miclib_output/images/000191.jpg,Ceramic,Scanning electron microscopy (SEM) in backscattered electron imaging (BEI) mode
./miclib_output/images/000192.jpg,Ceramic,Scanning electron microscopy (SEM) in backscattered electron imaging (BEI) mode
./miclib_output/images/000193.jpg,"Ceramic, Composite",Reflected light microscopy
./miclib_output/images/000194.jpg,"Ceramic, Composite",Reflected light microscopy
./miclib_output/images/000195.jpg,"Ceramic, Composite",Scanning electron microscopy (SEM) in backscattered electron imaging (BEI) mode
./miclib_output/images/000196.jpg,Ceramic,Bright-field TEM
./miclib_output/images/000197.jpg,Ceramic,Bright-field TEM
./miclib_output/images/000198.jpg,Ceramic,Reflected light microscopy
./miclib_output/images/000199.jpg,Ceramic,Bright-field TEM
./miclib_output/images/000201.jpg,Metal or alloy,Reflected light microscopy
./miclib_output/images/000202.jpg,Metal or alloy,Reflected light microscopy
./miclib_output/images/000203.jpg,Metal or alloy,Reflected light microscopy
./miclib_output/images/000204.jpg,Metal or alloy,Reflected light microscopy
./miclib_output/images/000205.jpg,Metal or alloy,Reflected light microscopy
./miclib_output/images/000206.jpg,Metal or alloy,Reflected light microscopy
./miclib_output/images/000207.jpg,Metal or alloy,Reflected light microscopy
./miclib_output/images/000208.jpg,Metal or alloy,Reflected light microscopy
./miclib_output/images/000209.jpg,Metal or alloy,Reflected light microscopy
./miclib_output/images/000210.jpg,Metal or alloy,Reflected light microscopy
./miclib_output/images/000211.jpg,Metal or alloy,Reflected light microscopy
./miclib_output/images/000212.jpg,Metal or alloy,Reflected light microscopy
./miclib_output/images/000213.jpg,Metal or alloy,Reflected light microscopy
./miclib_output/images/000214.jpg,Metal or alloy,Reflected light microscopy
./miclib_output/images/000215.jpg,Metal or alloy,Reflected light microscopy
./miclib_output/images/000216.jpg,Metal or alloy,Reflected light microscopy
./miclib_output/images/000217.jpg,Metal or alloy,Reflected light microscopy
./miclib_output/images/000218.jpg,Metal or alloy,Reflected light microscopy
./miclib_output/images/000219.jpg,Metal or alloy,Reflected light microscopy
./miclib_output/images/000220.jpg,Metal or alloy,Reflected light microscopy
./miclib_output/images/000221.jpg,Metal or alloy,Reflected light microscopy
./miclib_output/images/000222.jpg,Metal or alloy,Reflected light microscopy
./miclib_output/images/000223.jpg,Metal or alloy,Reflected light microscopy
./miclib_output/images/000224.jpg,Metal or alloy,Reflected light microscopy
./miclib_output/images/000225.jpg,Metal or alloy,Reflected light microscopy
./miclib_output/images/000226.jpg,Metal or alloy,Reflected light microscopy
./miclib_output/images/000227.jpg,Metal or alloy,Reflected light microscopy
./miclib_output/images/000228.jpg,Metal or alloy,Reflected light microscopy
./miclib_output/images/000229.jpg,Metal or alloy,Reflected light microscopy
./miclib_output/images/000230.jpg,Metal or alloy,Reflected light microscopy
./miclib_output/images/000231.jpg,Metal or alloy,Reflected light microscopy
./miclib_output/images/000232.jpg,Metal or alloy,Reflected light microscopy
./miclib_output/images/000233.jpg,Metal or alloy,Reflected light microscopy
./miclib_output/images/000234.jpg,Metal or alloy,Reflected light microscopy
./miclib_output/images/000235.jpg,Metal or alloy,Reflected light microscopy
./miclib_output/images/000236.jpg,Metal or alloy,Reflected light microscopy
./miclib_output/images/000237.jpg,Metal or alloy,Reflected light microscopy
./miclib_output/images/000238.jpg,Metal or alloy,Reflected light microscopy
./miclib_output/images/000239.jpg,Metal or alloy,Reflected light microscopy
./miclib_output/images/000240.jpg,Metal or alloy,Reflected light microscopy
./miclib_output/images/000241.jpg,Metal or alloy,Reflected light microscopy
./miclib_output/images/000242.jpg,Metal or alloy,Reflected light microscopy
./miclib_output/images/000243.jpg,Metal or alloy,Reflected light microscopy
./miclib_output/images/000244.jpg,Metal or alloy,Reflected light microscopy
./miclib_output/images/000245.jpg,Metal or alloy,Reflected light microscopy
./miclib_output/images/000246.jpg,Metal or alloy,Reflected light microscopy
./miclib_output/images/000247.jpg,Metal or alloy,Reflected light microscopy
./miclib_output/images/000248.jpg,Metal or alloy,Reflected light microscopy
./miclib_output/images/000249.jpg,Metal or alloy,Reflected light microscopy
./miclib_output/images/000250.jpg,Metal or alloy,Reflected light microscopy
./miclib_output/images/000251.jpg,Metal or alloy,Reflected light microscopy
./miclib_output/images/000252.jpg,Metal or alloy,Reflected light microscopy
./miclib_output/images/000253.jpg,Metal or alloy,Reflected light microscopy
./miclib_output/images/000254.jpg,Metal or alloy,Reflected light microscopy
./miclib_output/images/000255.jpg,Metal or alloy,Reflected light microscopy
./miclib_output/images/000256.jpg,Metal or alloy,Reflected light microscopy
./miclib_output/images/000260.jpg,Metal or alloy,Reflected light microscopy
./miclib_output/images/000261.jpg,Metal or alloy,Reflected light microscopy
./miclib_output/images/000262.jpg,Metal or alloy,Reflected light microscopy
./miclib_output/images/000263.jpg,Metal or alloy,Reflected light microscopy
./miclib_output/images/000264.jpg,Metal or alloy,Reflected light microscopy
./miclib_output/images/000265.jpg,Metal or alloy,Reflected light microscopy
./miclib_output/images/000266.jpg,Metal or alloy,Reflected light microscopy
./miclib_output/images/000267.jpg,Metal or alloy,Reflected light microscopy
./miclib_output/images/000268.jpg,Metal or alloy,Reflected light microscopy
./miclib_output/images/000269.jpg,Metal or alloy,Reflected light microscopy
./miclib_output/images/000270.jpg,Metal or alloy,Reflected light microscopy
./miclib_output/images/000271.jpg,Metal or alloy,Reflected light microscopy
./miclib_output/images/000272.jpg,Metal or alloy,Reflected light microscopy
./miclib_output/images/000273.jpg,Metal or alloy,Reflected light microscopy
./miclib_output/images/000274.jpg,Metal or alloy,Reflected light microscopy
./miclib_output/images/000275.jpg,Metal or alloy,Reflected light microscopy
./miclib_output/images/000276.jpg,Metal or alloy,Reflected light microscopy
./miclib_output/images/000277.jpg,Metal or alloy,Reflected light microscopy
./miclib_output/images/000278.jpg,Metal or alloy,Reflected light microscopy
./miclib_output/images/000279.jpg,Metal or alloy,Reflected light microscopy
./miclib_output/images/000280.jpg,Metal or alloy,Reflected light microscopy
./miclib_output/images/000281.jpg,Metal or alloy,Reflected light microscopy
./miclib_output/images/000282.jpg,Metal or alloy,Reflected light microscopy
./miclib_output/images/000283.jpg,Metal or alloy,Reflected light microscopy
./miclib_output/images/000284.jpg,Metal or alloy,Reflected light microscopy
./miclib_output/images/000285.jpg,Metal or alloy,Reflected light microscopy
./miclib_output/images/000286.jpg,Metal or alloy,Reflected light microscopy
./miclib_output/images/000287.jpg,Metal or alloy,Reflected light microscopy
./miclib_output/images/000288.jpg,Metal or alloy,Reflected light microscopy
./miclib_output/images/000289.jpg,Metal or alloy,Reflected light microscopy
./miclib_output/images/000290.jpg,Metal or alloy,Reflected light microscopy
./miclib_output/images/000291.jpg,Metal or alloy,Reflected light microscopy
./miclib_output/images/000292.jpg,Metal or alloy,Reflected light microscopy
./miclib_output/images/000293.jpg,Metal or alloy,Reflected light microscopy
./miclib_output/images/000294.jpg,Metal or alloy,Reflected light microscopy
./miclib_output/images/000295.jpg,Metal or alloy,Reflected light microscopy
./miclib_output/images/000296.jpg,Metal or alloy,Reflected light microscopy
./miclib_output/images/000297.jpg,Metal or alloy,Reflected light microscopy
./miclib_output/images/000298.jpg,Metal or alloy,Reflected light microscopy
./miclib_output/images/000299.jpg,Metal or alloy,Reflected light microscopy
./miclib_output/images/000300.jpg,Metal or alloy,Reflected light microscopy
./miclib_output/images/000301.jpg,Metal or alloy,Reflected light microscopy
./miclib_output/images/000302.jpg,Metal or alloy,Reflected light microscopy
./miclib_output/images/000303.jpg,Metal or alloy,Reflected light microscopy
./miclib_output/images/000304.jpg,Metal or alloy,Reflected light microscopy
./miclib_output/images/000305.jpg,Metal or alloy,Reflected light microscopy
./miclib_output/images/000306.jpg,Metal or alloy,Reflected light microscopy
./miclib_output/images/000307.jpg,Metal or alloy,Reflected light microscopy
./miclib_output/images/000308.jpg,Metal or alloy,Reflected light microscopy
./miclib_output/images/000309.jpg,Metal or alloy,Reflected light microscopy
./miclib_output/images/000310.jpg,Metal or alloy,Reflected light microscopy
./miclib_output/images/000311.jpg,Metal or alloy,Reflected light microscopy
./miclib_output/images/000312.jpg,Metal or alloy,Reflected light microscopy
./miclib_output/images/000313.jpg,Metal or alloy,Reflected light microscopy
./miclib_output/images/000315.jpg,Metal or alloy,Reflected light microscopy
./miclib_output/images/000316.jpg,Metal or alloy,Reflected light microscopy
./miclib_output/images/000317.jpg,Metal or alloy,Reflected light microscopy
./miclib_output/images/000318.jpg,Metal or alloy,Reflected light microscopy
./miclib_output/images/000326.jpg,Metal or alloy,Reflected light microscopy
./miclib_output/images/000327.jpg,Metal or alloy,Reflected light microscopy
./miclib_output/images/000328.jpg,Metal or alloy,Reflected light microscopy
./miclib_output/images/000329.jpg,Metal or alloy,Reflected light microscopy
./miclib_output/images/000330.jpg,Metal or alloy,Reflected light microscopy
./miclib_output/images/000331.jpg,Metal or alloy,Reflected light microscopy
./miclib_output/images/000332.jpg,Metal or alloy,Reflected light microscopy
./miclib_output/images/000333.jpg,Metal or alloy,Reflected light microscopy
./miclib_output/images/000334.jpg,Metal or alloy,Reflected light microscopy
./miclib_output/images/000335.jpg,Metal or alloy,Reflected light microscopy
./miclib_output/images/000336.jpg,Metal or alloy,Reflected light microscopy
./miclib_output/images/000337.jpg,Metal or alloy,Reflected light microscopy
./miclib_output/images/000338.jpg,Metal or alloy,Reflected light microscopy
./miclib_output/images/000339.jpg,Metal or alloy,Reflected light microscopy
./miclib_output/images/000340.jpg,Metal or alloy,Reflected light microscopy
./miclib_output/images/000341.jpg,Metal or alloy,Reflected light microscopy
./miclib_output/images/000342.jpg,Metal or alloy,Reflected light microscopy
./miclib_output/images/000343.jpg,Metal or alloy,Reflected light microscopy
./miclib_output/images/000344.jpg,Metal or alloy,Reflected light microscopy
./miclib_output/images/000345.jpg,Metal or alloy,Reflected light microscopy
./miclib_output/images/000346.jpg,Metal or alloy,Reflected light microscopy
./miclib_output/images/000347.jpg,Metal or alloy,Reflected light microscopy
./miclib_output/images/000348.jpg,Metal or alloy,Reflected light microscopy
./miclib_output/images/000349.jpg,Metal or alloy,Reflected light microscopy
./miclib_output/images/000350.jpg,Metal or alloy,Reflected light microscopy
./miclib_output/images/000351.jpg,Metal or alloy,Reflected light microscopy
./miclib_output/images/000352.jpg,Metal or alloy,Reflected light microscopy
./miclib_output/images/000353.jpg,Metal or alloy,Reflected light microscopy
./miclib_output/images/000354.jpg,Metal or alloy,Reflected light microscopy
./miclib_output/images/000355.jpg,Metal or alloy,Reflected light microscopy
./miclib_output/images/000356.jpg,Metal or alloy,Reflected light microscopy
./miclib_output/images/000357.jpg,Metal or alloy,Reflected light microscopy
./miclib_output/images/000358.jpg,Metal or alloy,Reflected light microscopy
./miclib_output/images/000359.jpg,Metal or alloy,Reflected light microscopy
./miclib_output/images/000360.jpg,Metal or alloy,Reflected light microscopy
./miclib_output/images/000361.jpg,Metal or alloy,Reflected light microscopy
./miclib_output/images/000362.jpg,Metal or alloy,Reflected light microscopy
./miclib_output/images/000363.jpg,Metal or alloy,Reflected light microscopy
./miclib_output/images/000364.jpg,Metal or alloy,Reflected light microscopy
./miclib_output/images/000365.jpg,Metal or alloy,Reflected light microscopy
./miclib_output/images/000366.jpg,Metal or alloy,Reflected light microscopy
./miclib_output/images/000367.jpg,Metal or alloy,Reflected light microscopy
./miclib_output/images/000368.jpg,Metal or alloy,Reflected light microscopy
./miclib_output/images/000369.jpg,Metal or alloy,Reflected light microscopy
./miclib_output/images/000370.jpg,Metal or alloy,Reflected light microscopy
./miclib_output/images/000371.jpg,Metal or alloy,Reflected light microscopy
./miclib_output/images/000372.jpg,Metal or alloy,Reflected light microscopy
./miclib_output/images/000373.jpg,Metal or alloy,Reflected light microscopy
./miclib_output/images/000374.jpg,Metal or alloy,Reflected light microscopy
./miclib_output/images/000375.jpg,Metal or alloy,Reflected light microscopy
./miclib_output/images/000376.jpg,Metal or alloy,Reflected light microscopy
./miclib_output/images/000377.jpg,Metal or alloy,Reflected light microscopy
./miclib_output/images/000378.jpg,Metal or alloy,Reflected light microscopy
./miclib_output/images/000379.jpg,Metal or alloy,Reflected light microscopy
./miclib_output/images/000380.jpg,Metal or alloy,Reflected light microscopy
./miclib_output/images/000381.jpg,Metal or alloy,Reflected light microscopy
./miclib_output/images/000382.jpg,Metal or alloy,Reflected light microscopy
./miclib_output/images/000383.jpg,Metal or alloy,Reflected light microscopy
./miclib_output/images/000384.jpg,Metal or alloy,Reflected light microscopy
./miclib_output/images/000385.jpg,Metal or alloy,Reflected light microscopy
./miclib_output/images/000386.jpg,Metal or alloy,Reflected light microscopy
./miclib_output/images/000387.jpg,Metal or alloy,Reflected light microscopy
./miclib_output/images/000388.jpg,Metal or alloy,Reflected light microscopy
./miclib_output/images/000389.jpg,Metal or alloy,Reflected light microscopy
./miclib_output/images/000390.jpg,Metal or alloy,Reflected light microscopy
./miclib_output/images/000391.jpg,Metal or alloy,Reflected light microscopy
./miclib_output/images/000392.jpg,Metal or alloy,Reflected light microscopy
./miclib_output/images/000393.jpg,Metal or alloy,Reflected light microscopy
./miclib_output/images/000394.jpg,Metal or alloy,Reflected light microscopy
./miclib_output/images/000395.jpg,Metal or alloy,Reflected light microscopy
./miclib_output/images/000396.jpg,Metal or alloy,Reflected light microscopy
./miclib_output/images/000397.jpg,Metal or alloy,"Reflected light microscopy, polarised"
./miclib_output/images/000398.jpg,Metal or alloy,Reflected light microscopy
./miclib_output/images/000399.jpg,Metal or alloy,Reflected light microscopy
./miclib_output/images/000400.jpg,Metal or alloy,Reflected light microscopy
./miclib_output/images/000401.jpg,Metal or alloy,Reflected light microscopy
./miclib_output/images/000402.jpg,Metal or alloy,Reflected light microscopy
./miclib_output/images/000403.jpg,Metal or alloy,Reflected light microscopy
./miclib_output/images/000404.jpg,Metal or alloy,Reflected light microscopy
./miclib_output/images/000405.jpg,Metal or alloy,Reflected light microscopy
./miclib_output/images/000406.jpg,Metal or alloy,Reflected light microscopy
./miclib_output/images/000407.jpg,Metal or alloy,Reflected light microscopy
./miclib_output/images/000408.jpg,Metal or alloy,Reflected light microscopy
./miclib_output/images/000409.jpg,Metal or alloy,Reflected light microscopy
./miclib_output/images/000410.jpg,Metal or alloy,Reflected light microscopy
./miclib_output/images/000411.jpg,Metal or alloy,Reflected light microscopy
./miclib_output/images/000412.jpg,Metal or alloy,Reflected light microscopy
./miclib_output/images/000413.jpg,Metal or alloy,Reflected light microscopy
./miclib_output/images/000414.jpg,Metal or alloy,Reflected light microscopy
./miclib_output/images/000415.jpg,Metal or alloy,Reflected light microscopy
./miclib_output/images/000416.jpg,Metal or alloy,Reflected light microscopy
./miclib_output/images/000417.jpg,Metal or alloy,"Reflected light microscopy, polarised with wave-plate"
./miclib_output/images/000418.jpg,Metal or alloy,Reflected light microscopy
./miclib_output/images/000419.jpg,Metal or alloy,Reflected light microscopy
./miclib_output/images/000420.jpg,Metal or alloy,Reflected light microscopy
./miclib_output/images/000421.jpg,Metal or alloy,Reflected light microscopy
./miclib_output/images/000422.jpg,Metal or alloy,Reflected light microscopy
./miclib_output/images/000423.jpg,Metal or alloy,Reflected light microscopy
./miclib_output/images/000424.jpg,Metal or alloy,Reflected light microscopy
./miclib_output/images/000425.jpg,Metal or alloy,Reflected light microscopy
./miclib_output/images/000426.jpg,Metal or alloy,Reflected light microscopy
./miclib_output/images/000427.jpg,Metal or alloy,Reflected light microscopy
./miclib_output/images/000428.jpg,Metal or alloy,Reflected light microscopy
./miclib_output/images/000429.jpg,Metal or alloy,Reflected light microscopy
./miclib_output/images/000430.jpg,Metal or alloy,Reflected light microscopy
./miclib_output/images/000431.jpg,Metal or alloy,Reflected light microscopy
./miclib_output/images/000432.jpg,Metal or alloy,Reflected light microscopy
./miclib_output/images/000433.jpg,Metal or alloy,Reflected light microscopy
./miclib_output/images/000434.jpg,Metal or alloy,Reflected light microscopy
./miclib_output/images/000435.jpg,Metal or alloy,Reflected light microscopy
./miclib_output/images/000436.jpg,Metal or alloy,Reflected light microscopy
./miclib_output/images/000437.jpg,Metal or alloy,Reflected light microscopy
./miclib_output/images/000438.jpg,Metal or alloy,Reflected light microscopy
./miclib_output/images/000439.jpg,Metal or alloy,Reflected light microscopy
./miclib_output/images/000440.jpg,Metal or alloy,Reflected light microscopy
./miclib_output/images/000441.jpg,Metal or alloy,Reflected light microscopy
./miclib_output/images/000442.jpg,Metal or alloy,Reflected light microscopy
./miclib_output/images/000443.jpg,Metal or alloy,Reflected light microscopy
./miclib_output/images/000444.jpg,Metal or alloy,Reflected light microscopy
./miclib_output/images/000445.jpg,Metal or alloy,Reflected light microscopy
./miclib_output/images/000446.jpg,Metal or alloy,Reflected light microscopy
./miclib_output/images/000447.jpg,Metal or alloy,Reflected light microscopy
./miclib_output/images/000448.jpg,Metal or alloy,Reflected light microscopy
./miclib_output/images/000449.jpg,Metal or alloy,Reflected light microscopy
./miclib_output/images/000450.jpg,Metal or alloy,Reflected light microscopy
./miclib_output/images/000451.jpg,Metal or alloy,Reflected light microscopy
./miclib_output/images/000452.jpg,Metal or alloy,Reflected light microscopy
./miclib_output/images/000453.jpg,Metal or alloy,Reflected light microscopy
./miclib_output/images/000454.jpg,Metal or alloy,Reflected light microscopy
./miclib_output/images/000455.jpg,Metal or alloy,Reflected light microscopy
./miclib_output/images/000456.jpg,Metal or alloy,Reflected light microscopy
./miclib_output/images/000457.jpg,Metal or alloy,Reflected light microscopy
./miclib_output/images/000458.jpg,Metal or alloy,Reflected light microscopy
./miclib_output/images/000459.jpg,Metal or alloy,Reflected light microscopy
./miclib_output/images/000460.jpg,Metal or alloy,Reflected light microscopy
./miclib_output/images/000468.jpg,Metal or alloy,Reflected light microscopy
./miclib_output/images/000469.jpg,Metal or alloy,Reflected light microscopy
./miclib_output/images/000470.jpg,Metal or alloy,Reflected light microscopy
./miclib_output/images/000471.jpg,Metal or alloy,Reflected light microscopy
./miclib_output/images/000472.jpg,Metal or alloy,Reflected light microscopy
./miclib_output/images/000473.jpg,Metal or alloy,Reflected light microscopy
./miclib_output/images/000474.jpg,Metal or alloy,Reflected light microscopy
./miclib_output/images/000475.jpg,Metal or alloy,Reflected light microscopy
./miclib_output/images/000476.jpg,Metal or alloy,Reflected light microscopy
./miclib_output/images/000477.jpg,Metal or alloy,Reflected light microscopy
./miclib_output/images/000478.jpg,Metal or alloy,Reflected light microscopy
./miclib_output/images/000479.jpg,Metal or alloy,Reflected light microscopy
./miclib_output/images/000480.jpg,Metal or alloy,Reflected light microscopy
./miclib_output/images/000481.jpg,Metal or alloy,Reflected light microscopy
./miclib_output/images/000482.jpg,Metal or alloy,Reflected light microscopy
./miclib_output/images/000483.jpg,Metal or alloy,Reflected light microscopy
./miclib_output/images/000484.jpg,Metal or alloy,Reflected light microscopy
./miclib_output/images/000485.jpg,Metal or alloy,Reflected light microscopy
./miclib_output/images/000486.jpg,Metal or alloy,Reflected light microscopy
./miclib_output/images/000487.jpg,Metal or alloy,Reflected light microscopy
./miclib_output/images/000488.jpg,Metal or alloy,Reflected light microscopy
./miclib_output/images/000489.jpg,Metal or alloy,Reflected light microscopy
./miclib_output/images/000490.jpg,Metal or alloy,Reflected light microscopy
./miclib_output/images/000491.jpg,Metal or alloy,Reflected light microscopy
./miclib_output/images/000492.jpg,Metal or alloy,Reflected light microscopy
./miclib_output/images/000493.jpg,Metal or alloy,Reflected light microscopy
./miclib_output/images/000494.jpg,Metal or alloy,Reflected light microscopy
./miclib_output/images/000495.jpg,Metal or alloy,Reflected light microscopy
./miclib_output/images/000496.jpg,Metal or alloy,Reflected light microscopy
./miclib_output/images/000497.jpg,Metal or alloy,Reflected light microscopy
./miclib_output/images/000498.jpg,Metal or alloy,Reflected light microscopy
./miclib_output/images/000499.jpg,Metal or alloy,Reflected light microscopy
./miclib_output/images/000500.jpg,Metal or alloy,Reflected light microscopy
./miclib_output/images/000501.jpg,Metal or alloy,Reflected light microscopy
./miclib_output/images/000502.jpg,Metal or alloy,Reflected light microscopy
./miclib_output/images/000503.jpg,Metal or alloy,Reflected light microscopy
./miclib_output/images/000504.jpg,Metal or alloy,Reflected light microscopy
./miclib_output/images/000505.jpg,Metal or alloy,Reflected light microscopy
./miclib_output/images/000506.jpg,Metal or alloy,Reflected light microscopy
./miclib_output/images/000507.jpg,Metal or alloy,Reflected light microscopy
./miclib_output/images/000508.jpg,Metal or alloy,Reflected light microscopy
./miclib_output/images/000509.jpg,Metal or alloy,Reflected light microscopy
./miclib_output/images/000510.jpg,Metal or alloy,Reflected light microscopy
./miclib_output/images/000511.jpg,Metal or alloy,Reflected light microscopy
./miclib_output/images/000512.jpg,Metal or alloy,Reflected light microscopy
./miclib_output/images/000513.jpg,Metal or alloy,Reflected light microscopy
./miclib_output/images/000514.jpg,Metal or alloy,Reflected light microscopy
./miclib_output/images/000515.jpg,Metal or alloy,Reflected light microscopy
./miclib_output/images/000516.jpg,Metal or alloy,Reflected light microscopy
./miclib_output/images/000517.jpg,Metal or alloy,Reflected light microscopy
./miclib_output/images/000518.jpg,Metal or alloy,Reflected light microscopy
./miclib_output/images/000519.jpg,Metal or alloy,Reflected light microscopy
./miclib_output/images/000520.jpg,Metal or alloy,Reflected light microscopy
./miclib_output/images/000521.jpg,Metal or alloy,Reflected light microscopy
./miclib_output/images/000522.jpg,Metal or alloy,Reflected light microscopy
./miclib_output/images/000523.jpg,Metal or alloy,Reflected light microscopy
./miclib_output/images/000524.jpg,Metal or alloy,Reflected light microscopy
./miclib_output/images/000525.jpg,Metal or alloy,Reflected light microscopy
./miclib_output/images/000526.jpg,Metal or alloy,Reflected light microscopy
./miclib_output/images/000527.jpg,Metal or alloy,Reflected light microscopy
./miclib_output/images/000528.jpg,Metal or alloy,Reflected light microscopy
./miclib_output/images/000529.jpg,Metal or alloy,Reflected light microscopy
./miclib_output/images/000530.jpg,Metal or alloy,Reflected light microscopy
./miclib_output/images/000531.jpg,Metal or alloy,Reflected light microscopy
./miclib_output/images/000532.jpg,Metal or alloy,Reflected light microscopy
./miclib_output/images/000533.jpg,Metal or alloy,Reflected light microscopy
./miclib_output/images/000534.jpg,Metal or alloy,Reflected light microscopy
./miclib_output/images/000535.jpg,Metal or alloy,Reflected light microscopy
./miclib_output/images/000536.jpg,Metal or alloy,Reflected light microscopy
./miclib_output/images/000537.jpg,Metal or alloy,Reflected light microscopy
./miclib_output/images/000542.jpg,Ceramic,"Transmitted polarised light microscopy, with sensitive tint plate"
./miclib_output/images/000543.jpg,Ceramic,"Transmitted polarised light microscopy, with sensitive tint plate"
./miclib_output/images/000544.jpg,Ceramic,"Transmitted polarised light microscopy, with sensitive tint plate"
./miclib_output/images/000545.jpg,Ceramic,Reflected light microscopy
./miclib_output/images/000546.jpg,"Ceramic, Composite",High resolution electron microscopy (HREM)
./miclib_output/images/000547.jpg,"Ceramic, Composite",High resolution electron microscopy (HREM)
./miclib_output/images/000548.jpg,Ceramic,Scanning electron microscopy (SEM)
./miclib_output/images/000549.jpg,"Ceramic, Composite",High resolution electron microscopy (HREM)
./miclib_output/images/000550.jpg,Ceramic,Bright-field TEM
./miclib_output/images/000551.jpg,"Ceramic, Composite",High resolution electron microscopy (HREM)
./miclib_output/images/000552.jpg,"Ceramic, Composite",High resolution electron microscopy (HREM)
./miclib_output/images/000553.jpg,"Ceramic, Composite",High resolution electron microscopy (HREM)
./miclib_output/images/000554.jpg,Ceramic,Photography (no microscope)
./miclib_output/images/000555.jpg,Polymer,Transmission electron microscopy (TEM)
./miclib_output/images/000556.jpg,Polymer,Transmission electron microscopy (TEM)
./miclib_output/images/000557.jpg,"Composite, Polymer, Polymer composite",Transmitted light microscopy
./miclib_output/images/000558.jpg,"Composite, Polymer, Polymer composite",Transmitted light microscopy
./miclib_output/images/000559.jpg,Polymer,Scanning electron microscopy (SEM)
./miclib_output/images/000560.jpg,"Fracture, Polymer",Photography (no microscope)
./miclib_output/images/000562.jpg,"Ceramic, Polymer",Transmission electron microscopy (TEM)
./miclib_output/images/000563.jpg,"Ceramic, Polymer",Field emission gun scanning electron microscopy (FEGSEM)
./miclib_output/images/000564.jpg,"Ceramic, Polymer",Scanning electron microscopy (SEM)
./miclib_output/images/000565.jpg,"Ceramic, Polymer",Scanning electron microscopy (SEM)
./miclib_output/images/000566.jpg,Polymer,Cross-polarised light microscopy
./miclib_output/images/000567.jpg,Polymer,Cross-polarised light microscopy
./miclib_output/images/000568.jpg,Polymer,Cross-polarised light microscopy
./miclib_output/images/000569.jpg,Polymer,Cross-polarised light microscopy
./miclib_output/images/000570.jpg,Polymer,Cross-polarised light microscopy
./miclib_output/images/000571.jpg,Polymer,Cross-polarised light microscopy
./miclib_output/images/000572.jpg,Polymer,Cross-polarised light microscopy
./miclib_output/images/000573.jpg,Polymer,Cross-polarised light microscopy
./miclib_output/images/000574.jpg,Polymer,Cross-polarised light microscopy
./miclib_output/images/000575.jpg,Polymer,Cross-polarised light microscopy
./miclib_output/images/000576.jpg,Polymer,Cross-polarised light microscopy
./miclib_output/images/000577.jpg,Polymer,Cross-polarised light microscopy
./miclib_output/images/000578.jpg,Polymer,Cross-polarised light microscopy
./miclib_output/images/000579.jpg,"Composite, Foam, Polymer, Polymer composite foam",Scanning electron microscopy (SEM)
./miclib_output/images/000580.jpg,"Composite, Foam, Polymer, Polymer composite foam",Scanning electron microscopy (SEM)
./miclib_output/images/000581.jpg,"Composite, Foam, Polymer, Polymer composite foam",X-ray tomography
./miclib_output/images/000582.jpg,"Composite, Foam, Polymer, Polymer composite foam",Scanning electron microscopy (SEM)
./miclib_output/images/000583.jpg,Polymer,Scanning electron microscopy (SEM)
./miclib_output/images/000584.jpg,Polymer,Scanning electron microscopy (SEM)
./miclib_output/images/000585.jpg,Polymer,Scanning electron microscopy (SEM)
./miclib_output/images/000586.jpg,"Fracture, Polymer",Scanning electron microscopy (SEM)
./miclib_output/images/000587.jpg,"Fracture, Polymer",Scanning electron microscopy (SEM)
./miclib_output/images/000588.jpg,"Fracture, Polymer",Scanning electron microscopy (SEM)
./miclib_output/images/000589.jpg,"Fracture, Polymer",Scanning electron microscopy (SEM)
./miclib_output/images/000590.jpg,"Fracture, Polymer",Scanning electron microscopy (SEM)
./miclib_output/images/000591.jpg,"Fracture, Polymer",Scanning electron microscopy (SEM)
./miclib_output/images/000592.jpg,"Fracture, Polymer",Scanning electron microscopy (SEM)
./miclib_output/images/000593.jpg,"Fracture, Polymer",Scanning electron microscopy (SEM)
./miclib_output/images/000594.jpg,"Ceramic, Polymer",Scanning electron microscopy (SEM)
./miclib_output/images/000595.jpg,Polymer,Reflected light microscopy
./miclib_output/images/000596.jpg,"Composite, Polymer, Polymer composite",Reflected light microscopy
./miclib_output/images/000597.jpg,"Composite, Polymer, Polymer composite",Cross-polarised light microscopy
./miclib_output/images/000598.jpg,"Composite, Polymer, Polymer composite",Cross-polarised light microscopy
./miclib_output/images/000599.jpg,"Composite, Polymer, Polymer composite",Cross-polarised light microscopy
./miclib_output/images/000600.jpg,Polymer,Cross-polarised light microscopy
./miclib_output/images/000601.jpg,Polymer,Cross-polarised light microscopy
./miclib_output/images/000602.jpg,Composite,"Reflected light microscopy, polarised"
./miclib_output/images/000603.jpg,Composite,"Reflected light microscopy, polarised"
./miclib_output/images/000604.jpg,Metal or alloy,"Reflected light microscopy, polarised"
./miclib_output/images/000605.jpg,"Fracture, Metal or alloy",Scanning electron microscopy (SEM)
./miclib_output/images/000606.jpg,Composite,"Reflected light microscopy, polarised"
./miclib_output/images/000607.jpg,"Fracture, Metal or alloy",Scanning electron microscopy (SEM)
./miclib_output/images/000608.jpg,Metal or alloy,Transmission electron microscopy (TEM)
./miclib_output/images/000609.jpg,Metal or alloy,"Reflected light microscopy, polarised"
./miclib_output/images/000610.jpg,Composite,"Reflected light microscopy, polarised"
./miclib_output/images/000611.jpg,Composite,"Reflected light microscopy, polarised"
./miclib_output/images/000612.jpg,Polymer,Cross-polarised light microscopy
./miclib_output/images/000613.jpg,Metal or alloy,Reflected light microscopy
./miclib_output/images/000614.jpg,Metal or alloy,Transmission electron microscopy (TEM)
./miclib_output/images/000615.jpg,Metal or alloy,Reflected light microscopy
./miclib_output/images/000616.jpg,Composite,Scanning electron microscopy (SEM)
./miclib_output/images/000617.jpg,Metal or alloy,Scanning electron microscopy (SEM)
./miclib_output/images/000618.jpg,"Composite, Fracture, Polymer, Polymer composite",Scanning electron microscopy (SEM)
./miclib_output/images/000619.jpg,"Composite, Fracture, Polymer, Polymer composite",Scanning electron microscopy (SEM)
./miclib_output/images/000620.jpg,"Composite, Fracture, Polymer, Polymer composite",Scanning electron microscopy (SEM)
./miclib_output/images/000621.jpg,"Composite, Fracture, Polymer, Polymer composite",Scanning electron microscopy (SEM)
./miclib_output/images/000622.jpg,"Composite, Fracture, Polymer, Polymer composite",Scanning electron microscopy (SEM)
./miclib_output/images/000623.jpg,Composite,Photography (no microscope)
./miclib_output/images/000624.jpg,Composite,Scanning electron microscopy (SEM) in backscattered electron imaging (BEI) mode
./miclib_output/images/000625.jpg,Polymer,Cross-polarised light microscopy
./miclib_output/images/000626.jpg,"Composite, Fracture",Scanning electron microscopy (SEM)
./miclib_output/images/000627.jpg,"Composite, Fracture",Scanning electron microscopy (SEM)
./miclib_output/images/000628.jpg,Ceramic,Scanning electron microscopy (SEM)
./miclib_output/images/000629.jpg,"Foam, Metal or alloy, Metal or alloy composite foam",Photography (no microscope)
./miclib_output/images/000630.jpg,"Foam, Metal or alloy, Metal or alloy composite foam",Photography (no microscope)
./miclib_output/images/000631.jpg,"Foam, Metal or alloy, Metal or alloy composite foam",Photography (no microscope)
./miclib_output/images/000632.jpg,"Foam, Metal or alloy, Metal or alloy composite foam",Photography (no microscope)
./miclib_output/images/000633.jpg,"Foam, Metal or alloy, Metal or alloy composite foam",Photography (no microscope)
./miclib_output/images/000634.jpg,"Foam, Metal or alloy, Metal or alloy composite foam",Photography (no microscope)
./miclib_output/images/000635.jpg,"Foam, Metal or alloy, Metal or alloy composite foam",Scanning electron microscopy (SEM)
./miclib_output/images/000636.jpg,"Foam, Metal or alloy, Metal or alloy composite foam",Photography (no microscope)
./miclib_output/images/000637.jpg,Polymer,Cross-polarised light microscopy
./miclib_output/images/000638.jpg,Polymer,Cross-polarised light microscopy
./miclib_output/images/000639.jpg,Polymer,Cross-polarised light microscopy
./miclib_output/images/000640.jpg,"Fracture, Polymer",Scanning electron microscopy (SEM)
./miclib_output/images/000641.jpg,"Fracture, Polymer",Scanning electron microscopy (SEM)
./miclib_output/images/000642.jpg,"Fracture, Polymer",Scanning electron microscopy (SEM)
./miclib_output/images/000643.jpg,Polymer,Scanning electron microscopy (SEM)
./miclib_output/images/000644.jpg,Polymer,Scanning electron microscopy (SEM)
./miclib_output/images/000645.jpg,Polymer,Transmission electron microscopy (TEM)
./miclib_output/images/000646.jpg,Polymer,Atomic force microscopy (AFM)
./miclib_output/images/000647.jpg,Polymer,Atomic force microscopy (AFM)
./miclib_output/images/000648.jpg,Polymer,Atomic force microscopy (AFM)
./miclib_output/images/000649.jpg,Polymer,Atomic force microscopy (AFM)
./miclib_output/images/000650.jpg,Ceramic,Photography (no microscope)
./miclib_output/images/000655.jpg,Ceramic,Photography (no microscope)
./miclib_output/images/000656.jpg,Metal or alloy,Reflected light microscopy
./miclib_output/images/000657.jpg,Metal or alloy,Reflected light microscopy
./miclib_output/images/000658.jpg,Metal or alloy,Reflected light microscopy
./miclib_output/images/000659.jpg,Metal or alloy,Reflected light microscopy
./miclib_output/images/000660.jpg,Metal or alloy,Reflected light microscopy
./miclib_output/images/000661.jpg,Metal or alloy,Reflected light microscopy
./miclib_output/images/000662.jpg,Metal or alloy,Reflected light microscopy
./miclib_output/images/000663.jpg,Ceramic,Reflected light microscopy
./miclib_output/images/000664.jpg,Ceramic,Reflected light microscopy
./miclib_output/images/000665.jpg,Metal or alloy,Reflected light microscopy
./miclib_output/images/000666.jpg,Metal or alloy,Reflected light microscopy
./miclib_output/images/000667.jpg,Metal or alloy,Reflected light microscopy
./miclib_output/images/000668.jpg,Metal or alloy,Reflected light microscopy
./miclib_output/images/000669.jpg,Metal or alloy,Reflected light microscopy
./miclib_output/images/000670.jpg,Composite,Reflected light microscopy
./miclib_output/images/000671.jpg,Composite,Reflected light microscopy
./miclib_output/images/000672.jpg,Composite,Reflected light microscopy
./miclib_output/images/000673.jpg,Composite,Reflected light microscopy
./miclib_output/images/000674.jpg,Composite,Reflected light microscopy
./miclib_output/images/000675.jpg,Ceramic,Reflected light microscopy
./miclib_output/images/000676.jpg,Ceramic,Reflected light microscopy
./miclib_output/images/000677.jpg,Ceramic,Reflected light microscopy
./miclib_output/images/000678.jpg,Ceramic,Reflected light microscopy
./miclib_output/images/000679.jpg,Ceramic,Reflected light microscopy
./miclib_output/images/000680.jpg,Ceramic,Reflected light microscopy
./miclib_output/images/000681.jpg,Ceramic,Reflected light microscopy
./miclib_output/images/000682.jpg,Ceramic,Reflected light microscopy
./miclib_output/images/000691.jpg,Ceramic,Reflected light microscopy
./miclib_output/images/000692.jpg,Ceramic,Reflected light microscopy
./miclib_output/images/000693.jpg,Ceramic,Reflected light microscopy
./miclib_output/images/000694.jpg,Ceramic,Reflected light microscopy
./miclib_output/images/000695.jpg,Metal or alloy,Reflected light microscopy
./miclib_output/images/000696.jpg,Metal or alloy,Reflected light microscopy
./miclib_output/images/000697.jpg,Metal or alloy,Reflected light microscopy
./miclib_output/images/000698.jpg,Metal or alloy,Reflected light microscopy
./miclib_output/images/000699.jpg,Metal or alloy,Reflected light microscopy
./miclib_output/images/000700.jpg,Metal or alloy,Reflected light microscopy
./miclib_output/images/000701.jpg,Metal or alloy,Reflected light microscopy
./miclib_output/images/000702.jpg,Metal or alloy,Reflected light microscopy
./miclib_output/images/000703.jpg,Metal or alloy,Reflected light microscopy
./miclib_output/images/000704.jpg,Metal or alloy,Reflected light microscopy
./miclib_output/images/000705.jpg,Metal or alloy,Reflected light microscopy
./miclib_output/images/000706.jpg,Metal or alloy,Reflected light microscopy
./miclib_output/images/000707.jpg,Metal or alloy,Reflected light microscopy
./miclib_output/images/000708.jpg,Metal or alloy,Reflected light microscopy
./miclib_output/images/000709.jpg,Metal or alloy,Reflected light microscopy
./miclib_output/images/000710.jpg,Metal or alloy,Cross-polarised light microscopy
./miclib_output/images/000711.jpg,Metal or alloy,Cross-polarised light microscopy
./miclib_output/images/000712.jpg,Metal or alloy,Cross-polarised light microscopy
./miclib_output/images/000713.jpg,Metal or alloy,"Reflected light microscopy, cross-polarised, with Nomarski filter"
./miclib_output/images/000714.jpg,Metal or alloy,"Reflected light microscopy, cross-polarised, with Nomarski filter"
./miclib_output/images/000715.jpg,Metal or alloy,"Reflected light microscopy, cross-polarised, with Nomarski filter"
./miclib_output/images/000716.jpg,Metal or alloy,"Reflected light microscopy, cross-polarised, with Nomarski filter"
./miclib_output/images/000717.jpg,Metal or alloy,"Reflected light microscopy, cross-polarised, with Nomarski filter"
./miclib_output/images/000718.jpg,Metal or alloy,"Reflected light microscopy, cross-polarised, with Nomarski filter"
./miclib_output/images/000719.jpg,Metal or alloy,"Reflected light microscopy, cross-polarised, with Nomarski filter"
./miclib_output/images/000720.jpg,Metal or alloy,"Reflected light microscopy, cross-polarised, with Nomarski filter"
./miclib_output/images/000721.jpg,Metal or alloy,Field emission gun scanning electron microscopy (FEGSEM) in secondary electron imaging (SEI) mode
./miclib_output/images/000722.jpg,Metal or alloy,Field emission gun scanning electron microscopy (FEGSEM) in secondary electron imaging (SEI) mode
./miclib_output/images/000723.jpg,Metal or alloy,Transmission electron microscopy (TEM)
./miclib_output/images/000724.jpg,Metal or alloy,Scanning electron microscopy (SEM) in backscattered electron imaging (BEI) mode
./miclib_output/images/000725.jpg,Metal or alloy,Scanning electron microscopy (SEM) in backscattered electron imaging (BEI) mode
./miclib_output/images/000726.jpg,Metal or alloy,Scanning electron microscopy (SEM) in backscattered electron imaging (BEI) mode
./miclib_output/images/000727.jpg,Metal or alloy,Field emission gun scanning electron microscopy (FEGSEM) in secondary electron imaging (SEI) mode
./miclib_output/images/000728.jpg,Metal or alloy,Scanning electron microscopy (SEM) in backscattered electron imaging (BEI) mode
./miclib_output/images/000729.jpg,Metal or alloy,Scanning electron microscopy (SEM) in backscattered electron imaging (BEI) mode
./miclib_output/images/000730.jpg,Metal or alloy,Scanning electron microscopy (SEM) in backscattered electron imaging (BEI) mode
./miclib_output/images/000731.jpg,"Composite, Metal matrix composite, Metal or alloy",Scanning electron microscopy (SEM) in backscattered electron imaging (BEI) mode
./miclib_output/images/000732.jpg,Metal or alloy,Scanning electron microscopy (SEM) in backscattered electron imaging (BEI) mode
./miclib_output/images/000733.jpg,"Fracture, Metal or alloy",Scanning electron microscopy (SEM) in backscattered electron imaging (BEI) mode
./miclib_output/images/000734.jpg,Metal or alloy,Transmission electron microscopy (TEM) of carbon replica
./miclib_output/images/000735.jpg,Metal or alloy,Reflected light microscopy
./miclib_output/images/000736.jpg,Metal or alloy,Reflected light microscopy
./miclib_output/images/000737.jpg,Metal or alloy,Reflected light microscopy
./miclib_output/images/000738.jpg,Metal or alloy,Reflected light microscopy
./miclib_output/images/000739.jpg,Metal or alloy,Reflected light microscopy
./miclib_output/images/000740.jpg,Metal or alloy,Reflected light microscopy
./miclib_output/images/000744.jpg,Metal or alloy,Scanning electron microscopy (SEM) in secondary electron imaging (SEI) mode
./miclib_output/images/000745.jpg,Metal or alloy,Scanning electron microscopy (SEM) in secondary electron imaging (SEI) mode
./miclib_output/images/000746.jpg,Metal or alloy,Scanning electron microscopy (SEM) in secondary electron imaging (SEI) mode
./miclib_output/images/000747.jpg,Metal or alloy,Scanning electron microscopy (SEM) in secondary electron imaging (SEI) mode
./miclib_output/images/000748.jpg,Metal or alloy,Scanning electron microscopy (SEM) in secondary electron imaging (SEI) mode
./miclib_output/images/000749.jpg,Metal or alloy,Scanning electron microscopy (SEM) in secondary electron imaging (SEI) mode
./miclib_output/images/000750.jpg,Metal or alloy,Scanning electron microscopy (SEM) in secondary electron imaging (SEI) mode
./miclib_output/images/000751.jpg,Metal or alloy,Scanning electron microscopy (SEM) in secondary electron imaging (SEI) mode
./miclib_output/images/000752.jpg,Metal or alloy,Scanning electron microscopy (SEM) in secondary electron imaging (SEI) mode
./miclib_output/images/000753.jpg,Metal or alloy,Scanning electron microscopy (SEM) in secondary electron imaging (SEI) mode
./miclib_output/images/000754.jpg,Metal or alloy,Scanning electron microscopy (SEM) in secondary electron imaging (SEI) mode
./miclib_output/images/000755.jpg,Metal or alloy,Scanning electron microscopy (SEM) in secondary electron imaging (SEI) mode
./miclib_output/images/000756.jpg,Metal or alloy,Scanning electron microscopy (SEM) in secondary electron imaging (SEI) mode
./miclib_output/images/000757.jpg,Metal or alloy,Scanning electron microscopy (SEM) in secondary electron imaging (SEI) mode
./miclib_output/images/000758.jpg,Metal or alloy,Scanning electron microscopy (SEM) in secondary electron imaging (SEI) mode
./miclib_output/images/000759.jpg,Metal or alloy,Scanning electron microscopy (SEM) in secondary electron imaging (SEI) mode
./miclib_output/images/000760.jpg,Metal or alloy,Scanning electron microscopy (SEM) in secondary electron imaging (SEI) mode
./miclib_output/images/000761.jpg,Metal or alloy,Scanning electron microscopy (SEM) in secondary electron imaging (SEI) mode
./miclib_output/images/000762.jpg,Metal or alloy,Scanning electron microscopy (SEM) in secondary electron imaging (SEI) mode
./miclib_output/images/000763.jpg,Metal or alloy,Scanning electron microscopy (SEM) in secondary electron imaging (SEI) mode
./miclib_output/images/000764.jpg,Metal or alloy,Scanning electron microscopy (SEM) in secondary electron imaging (SEI) mode
./miclib_output/images/000765.jpg,Metal or alloy,Scanning electron microscopy (SEM) in secondary electron imaging (SEI) mode
./miclib_output/images/000766.jpg,Metal or alloy,Scanning electron microscopy (SEM) in secondary electron imaging (SEI) mode
./miclib_output/images/000767.jpg,Metal or alloy,Scanning electron microscopy (SEM) in secondary electron imaging (SEI) mode
./miclib_output/images/000768.jpg,Metal or alloy,Scanning electron microscopy (SEM) in secondary electron imaging (SEI) mode
./miclib_output/images/000769.jpg,Metal or alloy,Scanning electron microscopy (SEM) in secondary electron imaging (SEI) mode
./miclib_output/images/000770.jpg,Metal or alloy,Scanning electron microscopy (SEM) in secondary electron imaging (SEI) mode
./miclib_output/images/000771.jpg,Metal or alloy,Reflected light microscopy
./miclib_output/images/000772.jpg,Metal or alloy,Transmission electron microscopy (TEM)
./miclib_output/images/000773.jpg,Metal or alloy,Transmission electron microscopy (TEM)
./miclib_output/images/000774.jpg,Metal or alloy,Transmission electron microscopy (TEM)
./miclib_output/images/000775.jpg,Metal or alloy,Transmission electron microscopy (TEM)
./miclib_output/images/000776.jpg,Metal or alloy,Transmission electron microscopy (TEM)
./miclib_output/images/000777.jpg,Metal or alloy,Reflected light microscopy
./miclib_output/images/000778.jpg,Metal or alloy,Reflected light microscopy
./miclib_output/images/000779.jpg,Metal or alloy,Reflected light microscopy
./miclib_output/images/000780.jpg,Metal or alloy,Reflected light microscopy
./miclib_output/images/000781.jpg,Metal or alloy,Reflected light microscopy
./miclib_output/images/000782.jpg,Metal or alloy,Reflected light microscopy
./miclib_output/images/000783.jpg,Metal or alloy,Reflected light microscopy
./miclib_output/images/000784.jpg,Metal or alloy,Reflected light microscopy
./miclib_output/images/000785.jpg,Metal or alloy,Reflected light microscopy
./miclib_output/images/000786.jpg,Metal or alloy,Reflected light microscopy
./miclib_output/images/000787.jpg,Metal or alloy,Reflected light microscopy
./miclib_output/images/000788.jpg,Metal or alloy,Reflected light microscopy
./miclib_output/images/000789.jpg,Metal or alloy,Reflected light microscopy
./miclib_output/images/000790.jpg,Metal or alloy,Reflected light microscopy
./miclib_output/images/000791.jpg,Metal or alloy,Reflected light microscopy
./miclib_output/images/000792.jpg,Metal or alloy,Reflected light microscopy
./miclib_output/images/000793.jpg,Metal or alloy,Reflected light microscopy
./miclib_output/images/000794.jpg,Metal or alloy,Reflected light microscopy
./miclib_output/images/000795.jpg,Metal or alloy,Reflected light microscopy
./miclib_output/images/000796.jpg,Metal or alloy,Reflected light microscopy
./miclib_output/images/000797.jpg,Metal or alloy,Reflected light microscopy
./miclib_output/images/000798.jpg,Metal or alloy,Reflected light microscopy
./miclib_output/images/000799.jpg,Metal or alloy,Scanning electron microscopy (SEM)
./miclib_output/images/000800.jpg,Metal or alloy,Scanning electron microscopy (SEM)
./miclib_output/images/000801.jpg,Metal or alloy,Transmission electron microscopy (TEM)
./miclib_output/images/000802.jpg,Metal or alloy,Reflected light microscopy
./miclib_output/images/000803.jpg,Metal or alloy,Transmission electron microscopy (TEM)
./miclib_output/images/000804.jpg,Metal or alloy,Scanning electron microscopy (SEM)
./miclib_output/images/000805.jpg,Metal or alloy,Scanning electron microscopy (SEM)
./miclib_output/images/000806.jpg,Metal or alloy,Reflected light microscopy
./miclib_output/images/000807.jpg,Metal or alloy,Transmission electron microscopy (TEM)
./miclib_output/images/000808.jpg,Metal or alloy,Transmission electron microscopy (TEM)
./miclib_output/images/000809.jpg,Metal or alloy,Transmission electron microscopy (TEM)
./miclib_output/images/000810.jpg,Metal or alloy,Scanning electron microscopy (SEM)
./miclib_output/images/000811.jpg,Metal or alloy,Scanning electron microscopy (SEM)
./miclib_output/images/000812.jpg,Metal or alloy,Scanning electron microscopy (SEM)
./miclib_output/images/000813.jpg,Metal or alloy,Transmission electron microscopy (TEM)
./miclib_output/images/000814.jpg,Metal or alloy,Transmission electron microscopy (TEM)
./miclib_output/images/000815.jpg,Metal or alloy,Scanning electron microscopy (SEM)
./miclib_output/images/000816.jpg,Metal or alloy,Transmission electron microscopy (TEM)
./miclib_output/images/000817.jpg,Metal or alloy,Scanning electron microscopy (SEM)
./miclib_output/images/000818.jpg,Metal or alloy,Scanning electron microscopy (SEM)
./miclib_output/images/000819.jpg,Metal or alloy,Reflected light microscopy
./miclib_output/images/000820.jpg,Metal or alloy,Scanning electron microscopy (SEM)
./miclib_output/images/000821.jpg,Metal or alloy,Scanning electron microscopy (SEM)
./miclib_output/images/000822.jpg,Metal or alloy,Transmission electron microscopy (TEM)
./miclib_output/images/000823.jpg,Metal or alloy,Transmission electron microscopy (TEM)
./miclib_output/images/000824.jpg,Metal or alloy,Transmission electron microscopy (TEM)
./miclib_output/images/000826.jpg,Metal or alloy,Scanning electron microscopy (SEM)
./miclib_output/images/000827.jpg,Metal or alloy,Transmission electron microscopy (TEM)
./miclib_output/images/000828.jpg,Metal or alloy,Transmission electron microscopy (TEM)
./miclib_output/images/000829.jpg,Metal or alloy,Transmission electron microscopy (TEM)
./miclib_output/images/000830.jpg,Metal or alloy,Transmission electron microscopy (TEM)
./miclib_output/images/000831.jpg,Metal or alloy,Scanning electron microscopy (SEM)
./miclib_output/images/000832.jpg,Metal or alloy,Transmission electron microscopy (TEM)
./miclib_output/images/000833.jpg,Metal or alloy,Reflected light microscopy
./miclib_output/images/000834.jpg,Metal or alloy,Scanning electron microscopy (SEM)
./miclib_output/images/000835.jpg,Metal or alloy,Transmission electron microscopy (TEM)
./miclib_output/images/000841.jpg,Metal or alloy,"Optical microscope, interferential contrast"
./miclib_output/images/000842.jpg,Metal or alloy,"Optical microscope, interferential contrast"
./miclib_output/images/000843.jpg,Metal or alloy,"Optical microscope, reflected light"
./miclib_output/images/000844.jpg,Metal or alloy,"Optical microscope, reflected light"
./miclib_output/images/000845.jpg,Metal or alloy,"Optical microscope, reflected light"
./miclib_output/images/000846.jpg,Metal or alloy,"Optical Microscopy, Nomarski differential interference contrast"
./miclib_output/images/000847.jpg,Ceramic,Field emission gun scanning electron microscopy (FEGSEM)
./miclib_output/images/000848.jpg,Ceramic,Field emission gun scanning electron microscopy (FEGSEM)
./miclib_output/images/000849.jpg,Ceramic,Scanning electron microscopy (SEM)
./miclib_output/images/000850.jpg,Metal or alloy,Atomic force microscopy (AFM)
./miclib_output/images/000851.jpg,Polymer,Atomic force microscopy (AFM)
./miclib_output/images/000852.jpg,Polymer,Atomic force microscopy (AFM)
./miclib_output/images/000853.jpg,Polymer,Atomic force microscopy (AFM)
./miclib_output/images/000854.jpg,Metal or alloy,Reflected light microscopy
./miclib_output/images/000855.jpg,Metal or alloy,Scanning electron microscopy (SEM)
./miclib_output/images/000856.jpg,Metal or alloy,Scanning electron microscopy (SEM)
./miclib_output/images/000857.jpg,Metal or alloy,Atomic force microscopy (AFM)
./miclib_output/images/000858.jpg,Metal or alloy,Reflected light microscopy
./miclib_output/images/000859.jpg,Metal or alloy,Reflected light microscopy
./miclib_output/images/000860.jpg,Metal or alloy,Reflected light microscopy
./miclib_output/images/000861.jpg,"Ceramic, Polymer",Atomic force microscopy (AFM)
./miclib_output/images/000862.jpg,"Ceramic, Polymer",Atomic force microscopy (AFM)
./miclib_output/images/000863.jpg,"Ceramic, Polymer",Atomic force microscopy (AFM)
./miclib_output/images/000864.jpg,Metal or alloy,Atomic force microscopy (AFM)
./miclib_output/images/000865.jpg,Metal or alloy,Atomic force microscopy (AFM)
./miclib_output/images/000866.jpg,Metal or alloy,Atomic force microscopy (AFM)
./miclib_output/images/000867.jpg,Metal or alloy,Atomic force microscopy (AFM)
./miclib_output/images/000868.jpg,Ceramic,Atomic force microscopy (AFM)
./miclib_output/images/000869.jpg,Ceramic,Atomic force microscopy (AFM)
./miclib_output/images/000870.jpg,Ceramic,Atomic force microscopy (AFM)
./miclib_output/images/000871.jpg,Metal or alloy,Atomic force microscopy (AFM)
./miclib_output/images/000872.jpg,Metal or alloy,Reflected light microscopy
./miclib_output/images/000873.jpg,Metal or alloy,Reflected light microscopy
./miclib_output/images/000874.jpg,Metal or alloy,Reflected light microscopy
./miclib_output/images/000875.jpg,Metal or alloy,Reflected light microscopy
./miclib_output/images/000876.jpg,Metal or alloy,Reflected light microscopy
./miclib_output/images/000877.jpg,Metal or alloy,Reflected light microscopy
./miclib_output/images/000878.jpg,Metal or alloy,Reflected light microscopy
./miclib_output/images/000879.jpg,Metal or alloy,Reflected light microscopy
./miclib_output/images/000880.jpg,Metal or alloy,Transmitted light microscopy
./miclib_output/images/000882.jpg,Metal or alloy,Transmitted light microscopy
./miclib_output/images/000883.jpg,Metal or alloy,Reflected light microscopy
./miclib_output/images/000884.jpg,Metal or alloy,Reflected light microscopy
./miclib_output/images/000885.jpg,Metal or alloy,Reflected light microscopy
./miclib_output/images/000886.jpg,Metal or alloy,Reflected light microscopy
./miclib_output/images/000887.jpg,Metal or alloy,Reflected light microscopy
./miclib_output/images/000888.jpg,Metal or alloy,Reflected light microscopy
./miclib_output/images/000889.jpg,Metal or alloy,Transmitted light microscopy
./miclib_output/images/000890.jpg,Metal or alloy,Reflected light microscopy
./miclib_output/images/000891.jpg,Metal or alloy,Reflected light microscopy
./miclib_output/images/000892.jpg,Metal or alloy,Reflected light microscopy
./miclib_output/images/000893.jpg,Metal or alloy,Transmitted light microscopy
./miclib_output/images/000894.jpg,Metal or alloy,Transmitted light microscopy
./miclib_output/images/000895.jpg,Metal or alloy,Transmitted light microscopy
./miclib_output/images/000896.jpg,Metal or alloy,Reflected light microscopy
./miclib_output/images/000897.jpg,Metal or alloy,Reflected light microscopy
./miclib_output/images/000898.jpg,Metal or alloy,Reflected light microscopy
./miclib_output/images/000899.jpg,Metal or alloy,Reflected light microscopy
./miclib_output/images/000900.jpg,Metal or alloy,Reflected light microscopy
./miclib_output/images/000901.jpg,Metal or alloy,Transmitted light microscopy
./miclib_output/images/000902.jpg,Metal or alloy,Transmitted light microscopy
./miclib_output/images/000903.jpg,Metal or alloy,Reflected light microscopy
./miclib_output/images/000904.jpg,Metal or alloy,Transmitted light microscopy
./miclib_output/images/000905.jpg,Metal or alloy,Transmitted light microscopy
./miclib_output/images/000906.jpg,Metal or alloy,Reflected light microscopy
./miclib_output/images/000907.jpg,Metal or alloy,Transmitted light microscopy
./miclib_output/images/000908.jpg,Metal or alloy,Reflected light microscopy
./miclib_output/images/000909.jpg,Metal or alloy,Transmitted light microscopy
./miclib_output/images/000910.jpg,Metal or alloy,Transmitted light microscopy
./miclib_output/images/000911.jpg,Metal or alloy,Transmitted light microscopy
./miclib_output/images/000912.jpg,Metal or alloy,Reflected light microscopy
./miclib_output/images/000913.jpg,Metal or alloy,Transmitted light microscopy
./miclib_output/images/000914.jpg,Metal or alloy,Reflected light microscopy
./miclib_output/images/000915.jpg,Metal or alloy,Reflected light microscopy
./miclib_output/images/000916.jpg,Metal or alloy,Reflected light microscopy
./miclib_output/images/000917.jpg,Metal or alloy,Reflected light microscopy
./miclib_output/images/000918.jpg,Metal or alloy,Reflected light microscopy
./miclib_output/images/000919.jpg,Metal or alloy,Reflected light microscopy
./miclib_output/images/000920.jpg,Metal or alloy,Reflected light microscopy
./miclib_output/images/000921.jpg,Metal or alloy,Reflected light microscopy
./miclib_output/images/000922.jpg,Metal or alloy,Transmitted light microscopy
./miclib_output/images/000923.jpg,Metal or alloy,Reflected light microscopy
./miclib_output/images/000924.jpg,Metal or alloy,Transmitted light microscopy
./miclib_output/images/000925.jpg,Metal or alloy,Transmitted light microscopy
./miclib_output/images/000926.jpg,Metal or alloy,Transmitted light microscopy
./miclib_output/images/000927.jpg,Metal or alloy,Transmitted light microscopy
./miclib_output/images/000928.jpg,Metal or alloy,Reflected light microscopy
./miclib_output/images/000929.jpg,Metal or alloy,Reflected light microscopy
./miclib_output/images/000930.jpg,Metal or alloy,Transmitted light microscopy
./miclib_output/images/000931.jpg,Metal or alloy,Reflected light microscopy
./miclib_output/images/000932.jpg,Metal or alloy,Reflected light microscopy
./miclib_output/images/000933.jpg,Metal or alloy,Transmitted light microscopy
./miclib_output/images/000934.jpg,Metal or alloy,Reflected light microscopy
./miclib_output/images/000935.jpg,Metal or alloy,Reflected light microscopy
./miclib_output/images/000936.jpg,Metal or alloy,Transmitted light microscopy
./miclib_output/images/000937.jpg,Metal or alloy,Reflected light microscopy
./miclib_output/images/000938.jpg,Metal or alloy,Reflected light microscopy
./miclib_output/images/000939.jpg,Metal or alloy,Transmitted light microscopy
./miclib_output/images/000940.jpg,Metal or alloy,Reflected light microscopy
./miclib_output/images/000941.jpg,Metal or alloy,Reflected light microscopy
./miclib_output/images/000942.jpg,Metal or alloy,Reflected light microscopy
./miclib_output/images/000943.jpg,Metal or alloy,Reflected light microscopy
./miclib_output/images/000944.jpg,Metal or alloy,Reflected light microscopy
./miclib_output/images/000945.jpg,Metal or alloy,Transmitted light microscopy
./miclib_output/images/000946.jpg,Metal or alloy,Transmitted light microscopy
./miclib_output/images/000947.jpg,Metal or alloy,Transmitted light microscopy
./miclib_output/images/000948.jpg,Metal or alloy,Reflected light microscopy
./miclib_output/images/000949.jpg,Metal or alloy,Transmitted light microscopy
./miclib_output/images/000950.jpg,Metal or alloy,Transmitted light microscopy
